{"cameraMode":{"drawMode":0,"name":"Shaded","section":"Shading Mode"},"sceneLighting":false,"audioPlay":false,"sceneViewState":{"m_AlwaysRefresh":false,"showFog":true,"showSkybox":true,"showFlares":true,"showImageEffects":true,"showParticleSystems":true,"showVisualEffectGraphs":true,"m_FxEnabled":true},"in2DMode":false,"pivot":{"x":-1.460169792175293,"y":-0.9151507019996643,"z":-6.177810192108154},"rotation":{"x":-0.029806774109601976,"y":0.9341301918029785,"z":-0.08035467565059662,"w":-0.34649893641471865},"size":1.5656304359436036,"orthographic":false}