{"cameraMode":{"drawMode":0,"name":"Shaded","section":"Shading Mode"},"sceneLighting":true,"audioPlay":false,"sceneViewState":{"m_AlwaysRefresh":false,"showFog":true,"showSkybox":true,"showFlares":true,"showImageEffects":true,"showParticleSystems":true,"showVisualEffectGraphs":true,"m_FxEnabled":true},"in2DMode":false,"pivot":{"x":-0.3227524161338806,"y":-0.29381024837493899,"z":-0.0016908496618270875},"rotation":{"x":-0.38415515422821047,"y":0.35506609082221987,"z":-0.16305521130561829,"w":-0.8365256786346436},"size":0.5421127080917358,"orthographic":true}