{"cameraMode":{"drawMode":0,"name":"Shaded","section":"Shading Mode"},"sceneLighting":true,"audioPlay":false,"sceneViewState":{"m_AlwaysRefresh":false,"showFog":true,"showSkybox":true,"showFlares":true,"showImageEffects":true,"showParticleSystems":true,"showVisualEffectGraphs":true,"m_FxEnabled":true},"in2DMode":false,"pivot":{"x":-28.847108840942384,"y":68.45055389404297,"z":-47.15882110595703},"rotation":{"x":0.07473929226398468,"y":-0.7671014070510864,"z":0.09242543578147888,"w":0.6306489706039429},"size":25.976139068603517,"orthographic":true}